lag,lb_stat,lb_pvalue
4,307.89516568041785,2.145848593659327e-65
8,333.1480740649323,3.5672242736240516e-67
12,392.0003717970833,1.8683824788042542e-76
